"name","email"
"Иван Иванов","ivanov@gmail.com"
"Мария Петрова","petrova@gmail.com"
"Алексей Смирнов","smirnov@gmail.com"
"Ольга Кузнецова","kuznetsova@gmail.com"
"Дмитрий Лебедев","lebedev@gmail.com"
"Елена Новикова","novikova@gmail.com"
"Сергей Морозов","morozov@gmail.com"
"Анна Воронова","voronova@gmail.com"
"Михаил Федоров","fedorov@gmail.com"
"Наталья Соколова","sokolova@gmail.com"
"Владимир Григорьев","grigoryev@gmail.com"
"Татьяна Иванова","ivanova@gmail.com"
"Андрей Ковалев","kovalev@gmail.com"
"Юлия Дмитриева","dmitrieva@gmail.com"
"Павел Белов","belov@gmail.com"
"Ирина Васильева","vasileva@gmail.com"
"Константин Попов","popov@gmail.com"
"Марина Алексеева","alexejeva@gmail.com"
"Роман Кузнецов","kuznetsov2@gmail.com"
"Екатерина Михайлова","mikhaylova@gmail.com"
"Александр Петров","petrov2@gmail.com"
"Олеся Григорьева","grigorieva@gmail.com"
"Денис Сидоров","sidorov@gmail.com"
"Ксения Лебедева","lebedova@gmail.com"
"Вячеслав Фролов","frolov@gmail.com"
